{"cameraMode":{"drawMode":0,"name":"Shaded","section":"Shading Mode"},"sceneLighting":true,"audioPlay":false,"sceneViewState":{"showFog":true,"showMaterialUpdate":true,"showSkybox":true,"showFlares":true,"showImageEffects":true,"showParticleSystems":true},"in2DMode":false,"pivot":{"x":4.331277370452881,"y":1.0481621026992798,"z":-5.607017993927002},"rotation":{"x":-0.0003847578482236713,"y":0.9951257705688477,"z":-0.09853777289390564,"w":-0.0038854097947478296},"size":5.8661274909973148,"orthographic":false}