{"cameraMode":{"drawMode":0,"name":"Shaded","section":"Shading Mode"},"sceneLighting":true,"audioPlay":false,"sceneViewState":{"showFog":true,"showMaterialUpdate":true,"showSkybox":true,"showFlares":true,"showImageEffects":true,"showParticleSystems":true},"in2DMode":false,"pivot":{"x":2.9009599685668947,"y":2.212803363800049,"z":0.4954206943511963},"rotation":{"x":0.2843269407749176,"y":-0.4001666009426117,"z":0.13212202489376069,"w":0.8611437678337097},"size":7.030540466308594,"orthographic":false}