{"cameraMode":{"drawMode":0,"name":"Shaded","section":"Shading Mode"},"sceneLighting":true,"audioPlay":false,"sceneViewState":{"showFog":true,"showMaterialUpdate":true,"showSkybox":true,"showFlares":true,"showImageEffects":true,"showParticleSystems":true},"in2DMode":false,"pivot":{"x":16.673381805419923,"y":-9.448687553405762,"z":-26.188392639160158},"rotation":{"x":0.042648833245038989,"y":0.9552547335624695,"z":-0.1720501184463501,"w":0.23678764700889588},"size":47.11748504638672,"orthographic":false}