{"cameraMode":{"drawMode":0,"name":"Shaded","section":"Shading Mode"},"sceneLighting":true,"audioPlay":false,"sceneViewState":{"showFog":true,"showMaterialUpdate":true,"showSkybox":true,"showFlares":true,"showImageEffects":true,"showParticleSystems":true},"in2DMode":false,"pivot":{"x":-3.1576547622680666,"y":2.433405876159668,"z":-7.378048419952393},"rotation":{"x":-0.022605959326028825,"y":-0.9770594835281372,"z":0.13629959523677827,"w":-0.16206878423690797},"size":14.51268482208252,"orthographic":false}