{"cameraMode":{"drawMode":0,"name":"Shaded","section":"Shading Mode"},"sceneLighting":true,"audioPlay":false,"sceneViewState":{"showFog":true,"showMaterialUpdate":true,"showSkybox":true,"showFlares":true,"showImageEffects":true,"showParticleSystems":true},"in2DMode":false,"pivot":{"x":-4.871971130371094,"y":-7.648548126220703,"z":7.071681022644043},"rotation":{"x":0.4195876121520996,"y":-0.18830177187919618,"z":0.08943194895982743,"w":0.8834538459777832},"size":21.73439598083496,"orthographic":false}